,image_name,country
0,Afghanistan_flag.png,Afghanistan
1,Albania_flag.png,Albania
2,Algeria_flag.png,Algeria
3,Andorra_flag.png,Andorra
4,Angola_flag.png,Angola
5,Antigua_and_Barbuda_flag.png,Antigua and Barbuda
6,Argentina_flag.png,Argentina
7,Armenia_flag.png,Armenia
8,Australia_flag.png,Australia
9,Austria_flag.png,Austria
10,Azerbaijan_flag.png,Azerbaijan
11,Bahamas_flag.png,Bahamas
12,Bahrain_flag.png,Bahrain
13,Bangladesh_flag.png,Bangladesh
14,Barbados_flag.png,Barbados
15,Belarus_flag.png,Belarus
16,Belgium_flag.png,Belgium
17,Belize_flag.png,Belize
18,Benin_flag.png,Benin
19,Bhutan_flag.png,Bhutan
20,Bolivia_flag.png,Bolivia
21,Bosnia_and_Herzegovina_flag.png,Bosnia and Herzegovina
22,Botswana_flag.png,Botswana
23,Brazil_flag.png,Brazil
24,Brunei_flag.png,Brunei
25,Bulgaria_flag.png,Bulgaria
26,Burkina_Faso_flag.png,Burkina Faso
27,Burundi_flag.png,Burundi
28,Cabo_Verde_flag.png,Cabo Verde
29,Cambodia_flag.png,Cambodia
30,Cameroon_flag.png,Cameroon
31,Canada_flag.png,Canada
32,Central_African_Republic_flag.png,Central African Republic
33,Chad_flag.png,Chad
34,Chile_flag.png,Chile
35,China_flag.png,China
36,Colombia_flag.png,Colombia
37,Comoros_flag.png,Comoros
38,Congo_(Brazzaville)_flag.png,Congo (Brazzaville)
39,Congo_(Kinshasa)_flag.png,Congo (Kinshasa)
40,Costa_Rica_flag.png,Costa Rica
41,Croatia_flag.png,Croatia
42,Cuba_flag.png,Cuba
43,Cyprus_flag.png,Cyprus
44,Czech_Republic_flag.png,Czech Republic
45,Côte_d'Ivoire_flag.png,Côte d'Ivoire
46,Denmark_flag.png,Denmark
47,Djibouti_flag.png,Djibouti
48,Dominican_Republic_flag.png,Dominican Republic
49,Dominica_flag.png,Dominica
50,Ecuador_flag.png,Ecuador
51,Egypt_flag.png,Egypt
52,El_Salvador_flag.png,El Salvador
53,Equatorial_Guinea_flag.png,Equatorial Guinea
54,Eritrea_flag.png,Eritrea
55,Estonia_flag.png,Estonia
56,Eswatini_flag.png,Eswatini
57,Ethiopia_flag.png,Ethiopia
58,Fiji_flag.png,Fiji
59,Finland_flag.png,Finland
60,France_flag.png,France
61,Gabon_flag.png,Gabon
62,Gambia_flag.png,Gambia
63,Georgia_flag.png,Georgia
64,Germany_flag.png,Germany
65,Ghana_flag.png,Ghana
66,Greece_flag.png,Greece
67,Grenada_flag.png,Grenada
68,Guatemala_flag.png,Guatemala
69,Guinea-Bissau_flag.png,Guinea-Bissau
70,Guinea_flag.png,Guinea
71,Guyana_flag.png,Guyana
72,Haiti_flag.png,Haiti
73,Honduras_flag.png,Honduras
74,Hungary_flag.png,Hungary
75,Iceland_flag.png,Iceland
76,India_flag.png,India
77,Indonesia_flag.png,Indonesia
78,Iran_flag.png,Iran
79,Iraq_flag.png,Iraq
80,Ireland_flag.png,Ireland
81,Israel_flag.png,Israel
82,Italy_flag.png,Italy
83,Jamaica_flag.png,Jamaica
84,Japan_flag.png,Japan
85,Jordan_flag.png,Jordan
86,Kazakhstan_flag.png,Kazakhstan
87,Kenya_flag.png,Kenya
88,Kiribati_flag.png,Kiribati
89,Kosovo_flag.png,Kosovo
90,Kuwait_flag.png,Kuwait
91,Kyrgyzstan_flag.png,Kyrgyzstan
92,Laos_flag.png,Laos
93,Latvia_flag.png,Latvia
94,Lebanon_flag.png,Lebanon
95,Lesotho_flag.png,Lesotho
96,Liberia_flag.png,Liberia
97,Libya_flag.png,Libya
98,Liechtenstein_flag.png,Liechtenstein
99,Lithuania_flag.png,Lithuania
100,Luxembourg_flag.png,Luxembourg
101,Madagascar_flag.png,Madagascar
102,Malawi_flag.png,Malawi
103,Malaysia_flag.png,Malaysia
104,Maldives_flag.png,Maldives
105,Mali_flag.png,Mali
106,Malta_flag.png,Malta
107,Marshall_Islands_flag.png,Marshall Islands
108,Mauritania_flag.png,Mauritania
109,Mauritius_flag.png,Mauritius
110,Mexico_flag.png,Mexico
111,Moldova_flag.png,Moldova
112,Monaco_flag.png,Monaco
113,Mongolia_flag.png,Mongolia
114,Montenegro_flag.png,Montenegro
115,Morocco_flag.png,Morocco
116,Mozambique_flag.png,Mozambique
117,Myanmar_flag.png,Myanmar
118,Namibia_flag.png,Namibia
119,Nauru_flag.png,Nauru
120,Nepal_flag.png,Nepal
121,Netherlands_flag.png,Netherlands
122,New_Zealand_flag.png,New Zealand
123,Nicaragua_flag.png,Nicaragua
124,Nigeria_flag.png,Nigeria
125,Niger_flag.png,Niger
126,North_Korea_flag.png,North Korea
127,North_Macedonia_flag.png,North Macedonia
128,Norway_flag.png,Norway
129,Oman_flag.png,Oman
130,Pakistan_flag.png,Pakistan
131,Palau_flag.png,Palau
132,Palestine_flag.png,Palestine
133,Panama_flag.png,Panama
134,Papua_New_Guinea_flag.png,Papua New Guinea
135,Paraguay_flag.png,Paraguay
136,Peru_flag.png,Peru
137,Philippines_flag.png,Philippines
138,Poland_flag.png,Poland
139,Portugal_flag.png,Portugal
140,Qatar_flag.png,Qatar
141,Republic_of_China_flag.png,Republic of China
142,Romania_flag.png,Romania
143,Russia_flag.png,Russia
144,Rwanda_flag.png,Rwanda
145,Saint_Kitts_and_Nevis_flag.png,Saint Kitts and Nevis
146,Saint_Lucia_flag.png,Saint Lucia
147,Saint_Vincent_and_the_Grenadines_flag.png,Saint Vincent and the Grenadines
148,Samoa_flag.png,Samoa
149,San_Marino_flag.png,San Marino
150,Saudi_Arabia_flag.png,Saudi Arabia
151,Senegal_flag.png,Senegal
152,Serbia_flag.png,Serbia
153,Seychelles_flag.png,Seychelles
154,Sierra_Leone_flag.png,Sierra Leone
155,Singapore_flag.png,Singapore
156,Slovakia_flag.png,Slovakia
157,Slovenia_flag.png,Slovenia
158,Solomon_Islands_flag.png,Solomon Islands
159,Somalia_flag.png,Somalia
160,South_Africa_flag.png,South Africa
161,South_Korea_flag.png,South Korea
162,South_Sudan_flag.png,South Sudan
163,Spain_flag.png,Spain
164,Sri_Lanka_flag.png,Sri Lanka
165,Sudan_flag.png,Sudan
166,Suriname_flag.png,Suriname
167,Sweden_flag.png,Sweden
168,Switzerland_flag.png,Switzerland
169,Syria_flag.png,Syria
170,São_Tomé_and_Príncipe_flag.png,São Tomé and Príncipe
171,Tajikistan_flag.png,Tajikistan
172,Tanzania_flag.png,Tanzania
173,Thailand_flag.png,Thailand
174,Timor-Leste_flag.png,Timor-Leste
175,Togo_flag.png,Togo
176,Tonga_flag.png,Tonga
177,Trinidad_and_Tobago_flag.png,Trinidad and Tobago
178,Tunisia_flag.png,Tunisia
179,Turkey_flag.png,Turkey
180,Turkmenistan_flag.png,Turkmenistan
181,Tuvalu_flag.png,Tuvalu
182,Uganda_flag.png,Uganda
183,Ukraine_flag.png,Ukraine
184,United_Arab_Emirates_flag.png,United Arab Emirates
185,United_Kingdom_flag.png,United Kingdom
186,United_States_flag.png,United States
187,Uruguay_flag.png,Uruguay
188,Uzbekistan_flag.png,Uzbekistan
189,Vanuatu_flag.png,Vanuatu
190,Vatican_City_flag.png,Vatican City
191,Venezuela_flag.png,Venezuela
192,Vietnam_flag.png,Vietnam
193,Yemen_flag.png,Yemen
194,Zambia_flag.png,Zambia
195,Zimbabwe_flag.png,Zimbabwe
